,full_name,rating,jersey,team,position,b_day,height_inInches,height_inMeters,weight_inlbs,weight_inkg,salary,country,draft_year,draft_round,draft_peak,college
0,LeBron James,97,23,Los Angeles Lakers,F,12/30/84,6.75,2.06,250,113.4,37436858,USA,2003,1,1,Tennessee State
1,Kawhi Leonard,97,2,Los Angeles Clippers,F,06/29/91,6.58,2.01,225,102.1,32742000,USA,2011,1,15,San Diego State
2,Giannis Antetokounmpo,96,34,Milwaukee Bucks,F-G,12/06/94,6.08,2.11,242,109.8,25842697,Greece,2013,1,15,Louisville
3,Kevin Durant,96,7,Brooklyn Nets,F,09/29/88,6.08,2.08,230,104.3,37199000,USA,2007,1,2,Texas
4,James Harden,96,13,Houston Rockets,G,08/26/89,6.42,1.96,220,99.8,38199000,USA,2009,1,3,Arizona State
5,Stephen Curry,95,30,Golden State Warriors,G,03/14/88,6.25,1.91,185,83.9,40231758,USA,2009,1,7,Davidson
6,Anthony Davis,94,3,Los Angeles Lakers,F-C,03/11/93,6.08,2.08,222,100.7,27093019,USA,2012,1,1,Kentucky
7,Paul George,93,13,Los Angeles Clippers,F,05/02/90,6.67,2.03,210,95.3,33005556,USA,2010,1,10,Fresno State
8,Damian Lillard,92,0,Portland Trail Blazers,G,07/15/90,6.17,1.88,195,88.5,29802321,USA,2012,1,6,Weber State
9,Joel Embiid,91,21,Philadelphia 76ers,C,03/16/94,7.0,2.13,250,113.4,27504630,Cameroon,2014,1,3,Kansas
10,Kyrie Irving,91,11,Brooklyn Nets,G,03/23/92,6.17,1.88,180,81.6,31742000,Australia,2011,1,1,Duke
11,Nikola Jokic,90,15,Denver Nuggets,C,02/19/95,7.0,2.13,253,114.8,27504630,Serbia,2014,2,41,Arizona
12,Russell Westbrook,90,0,Houston Rockets,G,11/12/88,6.25,1.91,190,86.2,38506482,USA,2008,1,4,UCLA
13,Klay Thompson,89,11,Golden State Warriors,G,02/08/90,6.5,1.98,205,93.0,32742000,USA,2011,1,11,Washington State
14,Karl-Anthony Towns,89,32,Minnesota Timberwolves,F-C,11/15/95,6.08,2.11,248,112.5,27285000,USA,2015,1,1,Kentucky
15,Jimmy Butler,88,22,Miami Heat,G,09/14/89,6.58,2.01,220,99.8,32742000,USA,2011,1,30,Marquette
16,Rudy Gobert,88,27,Utah Jazz,C,06/26/92,7.08,2.16,238,108.0,25258427,France,2013,1,27,UCLA
17,Blake Griffin,88,23,Detroit Pistons,F,03/16/89,6.75,2.06,252,114.3,34449964,USA,2009,1,1,Oklahoma
18,Donovan Mitchell,88,45,Utah Jazz,G,09/07/96,6.08,1.85,211,95.7,3635760,USA,2017,1,13,Louisville
19,Kemba Walker,88,8,Boston Celtics,G,05/08/90,6.0,1.83,172,78.0,32742000,USA,2011,1,9,UConn
20,Luka Doncic,87,77,Dallas Mavericks,G-F,02/28/99,6.58,2.01,227,103.0,7683360,Slovenia,2018,1,3,Fresno State
21,LaMarcus Aldridge,87,12,San Antonio Spurs,F-C,07/19/85,6.08,2.11,246,111.6,26000000,USA,2006,1,2,Texas
22,Bradley Beal,87,3,Washington Wizards,G,06/28/93,6.25,1.91,207,93.9,27093018,USA,2012,1,3,Florida
23,Mike Conley,87,10,Utah Jazz,G,10/11/87,6.08,1.85,185,83.9,32511623,USA,2007,1,4,Ohio State
24,DeMar DeRozan,87,10,San Antonio Spurs,G-F,08/07/89,6.5,1.98,220,99.8,27739975,USA,2009,1,9,USC
25,CJ McCollum,87,3,Portland Trail Blazers,G,09/19/91,6.25,1.91,197,89.4,27556959,USA,2013,1,10,Lehigh
26,Victor Oladipo,87,4,Indiana Pacers,G,05/04/92,6.33,1.93,213,96.6,21000000,USA,2013,1,2,Indiana
27,Kristaps Porzingis,87,6,Dallas Mavericks,F-C,08/02/95,7.25,2.21,220,99.8,27285000,Latvia,2015,1,4,Arizona State
28,D'Angelo Russell,87,0,Minnesota Timberwolves,G,02/23/96,6.33,1.93,193,87.5,27285000,USA,2015,1,2,Ohio State
29,Pascal Siakam,87,43,Toronto Raptors,F,04/02/94,6.75,2.06,227,103.0,2351838,Cameroon,2016,1,27,New Mexico State
30,Ben Simmons,87,25,Philadelphia 76ers,F,07/20/96,6.08,2.08,240,108.9,8113929,Australia,2016,1,1,LSU
31,De'Aaron Fox,86,5,Sacramento Kings,G,12/20/97,6.25,1.91,171,77.6,6392760,USA,2017,1,5,Kentucky
32,Devin Booker,86,1,Phoenix Suns,G,10/30/96,6.42,1.96,206,93.4,27285000,USA,2015,1,13,Kentucky
33,DeMarcus Cousins,86,0,Phoenix Suns,C,08/13/90,6.08,2.08,270,122.5,3500000,USA,2010,1,5,Kentucky
34,Andre Drummond,86,0,Cleveland Cavaliers,C,08/10/93,6.08,2.08,270,122.5,27093018,USA,2012,1,9,UConn
35,Draymond Green,86,23,Golden State Warriors,F,03/04/90,6.5,1.98,230,104.3,18539130,USA,2012,2,35,Michigan State
36,Jrue Holiday,86,11,New Orleans Pelicans,G,06/12/90,6.25,1.91,180,81.6,26131111,USA,2009,1,17,UCLA
37,Nikola Vucevic,86,9,Orlando Magic,C,10/24/90,6.08,2.11,240,108.9,28000000,Montenegro,2011,1,16,USC
38,John Wall,86,2,Washington Wizards,G,09/06/90,6.33,1.93,195,88.5,38199000,USA,2010,1,1,Kentucky
39,Jayson Tatum,85,0,Boston Celtics,F,03/03/98,6.67,2.03,204,92.5,7830000,USA,2017,1,3,Duke
40,Trae Young,85,11,Atlanta Hawks,G,09/19/98,6.08,1.85,180,81.6,6273000,USA,2018,1,5,Oklahoma
41,Eric Bledsoe,85,6,Milwaukee Bucks,G,12/09/89,6.08,1.85,195,88.5,15625000,USA,2010,1,18,Kentucky
42,Clint Capela,85,15,Atlanta Hawks,C,05/18/94,6.08,2.08,211,95.7,16896552,Switzerland,2014,1,25,Wisconsin
43,Tobias Harris,85,12,Philadelphia 76ers,F,07/15/92,6.67,2.03,226,102.5,32742000,USA,2011,1,19,Tennessee
44,Al Horford,85,42,Philadelphia 76ers,C-F,06/03/86,6.75,2.06,246,111.6,28000000,Dominican Republic,2007,1,3,Florida
45,Zach LaVine,85,8,Chicago Bulls,G,03/10/95,6.5,1.98,181,82.1,19500000,USA,2014,1,13,UCLA
46,Kyle Lowry,85,7,Toronto Raptors,G,03/25/86,6.0,1.83,205,93.0,33296296,USA,2006,1,24,Villanova
47,Khris Middleton,85,22,Milwaukee Bucks,F,08/12/91,6.58,2.01,217,98.4,30603448,USA,2012,2,39,Texas A&M
48,Chris Paul,85,3,Oklahoma City Thunder,G,05/06/85,6.08,1.85,175,79.4,38506482,USA,2005,1,4,Wake Forest
49,John Collins,84,20,Atlanta Hawks,F,09/23/97,6.75,2.06,225,102.1,2686560,USA,2017,1,19,Wake Forest
50,Buddy Hield,84,24,Sacramento Kings,G,12/17/93,6.33,1.93,212,96.2,4861207,The Bahamas,2016,1,6,Oklahoma
51,Kyle Kuzma,84,0,Los Angeles Lakers,F,07/24/95,6.67,2.03,221,100.2,1974600,USA,2017,1,27,Utah
52,Jamal Murray,84,27,Denver Nuggets,G,02/23/97,6.33,1.93,201,91.2,4444746,Canada,2016,1,7,Kentucky
53,Louis Williams,84,23,Los Angeles Clippers,G,10/27/86,6.08,1.85,175,79.4,8000000,USA,2005,2,45,Murray State
54,Marvin Bagley,83,35,Sacramento Kings,F,03/14/99,6.08,2.11,235,106.6,8556120,USA,2018,1,2,Duke
55,Bojan Bogdanovic,83,44,Utah Jazz,G-F,04/18/89,6.67,2.03,216,98.0,17000000,Croatia,2011,2,31,Providence
56,Malcolm Brogdon,83,7,Indiana Pacers,G,12/11/92,6.42,1.96,223,101.2,20000000,USA,2016,2,36,Virginia
57,Danilo Gallinari,83,8,Oklahoma City Thunder,F,08/08/88,6.08,2.08,225,102.1,22615559,Italy,2008,1,6,New Mexico State
58,Montrezl Harrell,83,5,Los Angeles Clippers,F,01/26/94,6.58,2.01,253,114.8,6000000,USA,2015,2,32,Louisville
59,Kevin Love,83,0,Cleveland Cavaliers,F,09/07/88,6.67,2.03,260,117.9,28942830,USA,2008,1,5,UCLA
60,Lauri Markkanen,83,24,Chicago Bulls,F-C,05/22/97,7.0,2.13,240,108.9,5300400,Finland,2017,1,7,Arizona
61,Jusuf Nurkic,83,27,Portland Trail Blazers,C,08/23/94,7.0,2.13,290,131.5,12000000,Bosnia and Herzegovina,2014,1,16,USC
62,Julius Randle,83,30,New York Knicks,F,11/29/94,6.67,2.03,250,113.4,18000000,USA,2014,1,7,Kentucky
63,Marc Gasol,82,33,Toronto Raptors,C,01/29/85,6.08,2.11,265,120.2,25595700,Spain,2007,2,48,Arkansas
64,Steven Adams,82,12,Oklahoma City Thunder,C,07/20/93,6.08,2.11,255,115.7,25842697,New Zealand,2013,1,12,Pittsburgh
65,Deandre Ayton,82,22,Phoenix Suns,C,07/23/98,6.08,2.11,250,113.4,9562920,The Bahamas,2018,1,1,Arizona
66,Spencer Dinwiddie,82,8,Brooklyn Nets,G,04/06/93,6.42,1.96,205,93.0,10605600,USA,2014,2,38,Colorado
67,Jaren Jackson,82,13,Memphis Grizzlies,F-C,09/15/99,6.08,2.11,242,110.0,6699960,USA,2018,1,4,Michigan State
68,Paul Millsap,82,4,Denver Nuggets,F-C,02/10/85,6.58,2.01,250,113.4,30350000,USA,2017,2,47,Louisiana Tech
69,Marcus Smart,82,36,Boston Celtics,G,03/06/94,6.25,1.91,227,103.0,12553571,USA,2014,1,6,Oklahoma State
70,Myles Turner,82,33,Indiana Pacers,F-C,03/24/96,6.08,2.11,239,108.4,18000000,USA,2015,1,11,Texas
71,Serge Ibaka,81,9,Toronto Raptors,F,09/18/89,7.0,2.13,240,108.9,23271604,Spain,2008,1,24,Missouri 
72,Zion Williamson,81,1,New Orleans Pelicans,F,07/06/00,6.5,1.98,284,128.8,9757440,USA,2019,1,1,Duke
73,Rudy Gay,81,22,San Antonio Spurs,F,08/17/86,6.67,2.03,230,104.3,14500000,USA,2006,1,8,UConn
74,Aaron Gordon,81,0,Orlando Magic,F,09/16/95,6.67,2.03,220,99.8,19863636,USA,2014,1,4,Arizona
75,Brandon Ingram,81,14,New Orleans Pelicans,F,09/02/97,6.58,2.01,196,88.9,7265485,USA,2016,1,2,Duke
76,DeAndre Jordan,81,6,Brooklyn Nets,C,07/21/88,6.08,2.11,265,120.2,9881598,USA,2008,2,35,Texas A&M
77,Domantas Sabonis,81,11,Indiana Pacers,F-C,05/03/96,6.08,2.11,231,104.8,3529554,Lithuania,2016,1,11,Gonzaga
78,Jonas Valanciunas,81,17,Memphis Grizzlies,C,05/06/92,6.08,2.11,231,104.8,16000000,Lithuania,2011,1,5,Louisiana Tech
79,Hassan Whiteside,81,21,Portland Trail Blazers,C,06/13/89,7.0,2.13,235,106.6,27093018,USA,2010,2,33,Marshall
80,Derrick Rose,80,25,Detroit Pistons,G,10/04/88,6.17,1.88,190,86.2,7317074,USA,2008,1,1,Memphis
81,Robert Covington,80,33,Houston Rockets,F,12/14/90,6.58,2.01,209,94.8,11301219,USA,2013,1,54,Tennessee State
82,Derrick Favors,80,22,New Orleans Pelicans,F,07/15/91,6.75,2.06,246,111.6,17650000,USA,2010,1,3,Georgia Tech
83,Gordon Hayward,80,20,Boston Celtics,F,03/23/90,6.58,2.01,207,93.9,32700690,USA,2010,1,9,Butler
84,Reggie Jackson,80,0,Los Angeles Clippers,G,04/16/90,6.25,1.91,208,94.3,17799677,USA,2011,1,24,Boston College
85,Enes Kanter,80,11,Boston Celtics,C,05/20/92,6.08,2.08,262,118.8,4767000,Turkey,2011,1,3,Green Bay
86,Otto Porter,80,22,Chicago Bulls,F,06/03/93,6.67,2.03,198,89.8,27250576,USA,2013,1,2,Georgetown
87,JJ Redick,80,4,New Orleans Pelicans,G,06/24/84,6.25,1.91,190,86.2,13486300,USA,2006,1,11,Duke
88,Josh Richardson,80,0,Philadelphia 76ers,G,09/15/93,6.42,1.96,200,90.7,10116576,USA,2015,2,40,Tennessee
89,TJ Warren,80,1,Indiana Pacers,F,09/05/93,6.67,2.03,220,99.8,11060000,USA,2014,1,14,NC State
90,Ja Morant,79,12,Memphis Grizzlies,G,08/10/99,6.25,1.91,174,78.9,8730240,USA,2019,1,2,Murray State
91,Bam Adebayo,79,13,Miami Heat,F-C,07/18/97,6.75,2.06,243,110.2,3454080,USA,2017,1,14,Kentucky
92,Jarrett Allen,79,31,Brooklyn Nets,C,04/20/98,6.08,2.11,234,106.1,2376840,USA,2017,1,22,Texas
93,Lonzo Ball,79,2,New Orleans Pelicans,G,10/27/97,6.5,1.98,190,86.2,8719320,USA,2017,1,2,UCLA
94,Harrison Barnes,79,40,Sacramento Kings,F,05/30/92,6.67,2.03,210,95.3,24147727,USA,2012,1,7,North Carolina
95,Patrick Beverley,79,21,Los Angeles Clippers,G,07/12/88,6.08,1.85,180,81.6,12345680,USA,2009,2,42,Arkansas
96,Jaylen Brown,79,7,Boston Celtics,F,10/24/96,6.5,1.98,223,101.2,6534829,USA,2016,1,3,California
97,Willie Cauley-Stein,79,0,Dallas Mavericks,C,08/18/93,7.0,2.13,242,109.8,2177483,USA,2015,1,6,Kentucky
98,Goran Dragic,79,7,Miami Heat,G,05/06/86,6.25,1.91,190,86.2,19217900,Slovenia,2008,2,45,Xavier
99,Shai Gilgeous-Alexander,79,2,Oklahoma City Thunder,G,07/12/98,6.42,1.96,180,81.6,3952920,Canada,2018,1,11,Kentucky
100,Gary Harris,79,14,Denver Nuggets,G,09/14/94,6.33,1.93,205,93.0,17839286,USA,2014,1,19,Michigan State
101,Joe Ingles,79,2,Utah Jazz,F,10/02/87,6.58,2.01,209,94.8,11454546,Australia,2009,1,29,Western Kentucky
102,Jeremy Lamb,79,26,Indiana Pacers,G,05/30/92,6.42,1.96,180,81.6,10500000,USA,2012,1,12,UConn
103,Brook Lopez,79,11,Milwaukee Bucks,C,04/01/88,7.0,2.13,265,120.2,12093024,USA,2008,1,10,Stanford
104,JaVale McGee,79,7,Los Angeles Lakers,C,01/19/88,7.0,2.13,270,122.5,4000000,USA,2008,1,18,Nevada
105,Mitchell Robinson,79,23,New York Knicks,C,04/01/98,7.0,2.13,223,101.2,1559712,USA,2018,2,36,UNLV
106,Terrence Ross,79,8,Orlando Magic,G,02/05/91,6.5,1.98,206,93.4,12500000,USA,2012,1,8,Washington
107,Tristan Thompson,79,13,Cleveland Cavaliers,F,03/13/91,6.75,2.06,225,102.1,18539130,Canada,2011,1,4,Texas
108,PJ Tucker,79,17,Houston Rockets,F,05/05/85,6.42,1.96,225,102.1,8349039,USA,2006,2,35,Texas
109,Fred VanVleet,79,23,Toronto Raptors,G,02/25/94,6.08,1.85,197,89.4,9346153,USA,2006,1,15,Wichita State
110,Andrew Wiggins,79,22,Golden State Warriors,F,02/23/95,6.58,2.01,197,89.4,27504630,Canada,2014,1,1,Kansas
111,Thaddeus Young,79,21,Chicago Bulls,F,06/21/88,6.67,2.03,220,99.8,12900000,USA,2007,1,12,Georgia Tech
112,RJ Barrett,78,9,New York Knicks,G,06/14/00,6.5,1.98,202,91.6,7839960,Canada,2019,1,3,Duke
113,Ricky Rubio,78,11,Phoenix Suns,G,10/21/90,6.25,1.91,180,81.6,16200000,Spain,2009,1,5,TCU
114,Will Barton,78,5,Denver Nuggets,G,01/06/91,6.42,1.96,175,79.4,12776786,USA,2012,2,40,Memphis
115,Bogdan Bogdanovic,78,8,Sacramento Kings,G,08/18/92,6.5,1.98,205,93.0,8529386,Serbia,2014,1,27,Notre Dame
116,Thomas Bryant,78,13,Washington Wizards,F-C,07/31/97,6.08,2.08,241,109.3,8000000,USA,2017,2,42,Indiana
117,Wendell Carter,78,34,Chicago Bulls,C,04/16/99,6.75,2.06,259,117.5,5201400,USA,2018,1,7,Duke
118,Jordan Clarkson,78,8,Utah Jazz,G,06/07/92,6.33,1.93,186,84.4,13437500,Philippines,2014,2,46,Missouri
119,Evan Fournier,78,10,Orlando Magic,G,10/29/92,6.58,2.01,190,86.2,17150000,France,2012,1,20,Butler
120,Eric Gordon,78,10,Houston Rockets,G,12/25/88,6.25,1.91,215,97.5,14057730,USA,2008,1,7,Indiana
121,JaMychal Green,78,4,Los Angeles Clippers,F,06/21/90,6.67,2.03,220,99.8,4767000,USA,2012,1,26,Alabama
122,Joe Harris,78,12,Brooklyn Nets,G,09/06/91,6.5,1.98,215,97.5,7666667,USA,2014,2,33,Virginia
123,Andre Iguodala,78,9,Miami Heat,G-F,01/28/84,6.5,1.98,207,93.9,17185185,USA,2004,1,9,Arizona
124,Caris LeVert,78,22,Brooklyn Nets,G,08/25/94,6.5,1.98,191,86.6,2625717,USA,2016,1,20,Michigan
125,Marcus Morris,78,0,Los Angeles Clippers,F,09/02/89,6.67,2.03,235,106.6,15000000,USA,2011,1,14,Kansas
126,Dejounte Murray,78,5,San Antonio Spurs,G,09/19/96,6.33,1.93,170,77.1,2321735,USA,2016,1,29,Washington
127,Larry Nance Jr,78,22,Cleveland Cavaliers,F,01/01/93,6.58,2.01,227,103.0,12727273,USA,2015,1,27,Wyoming
128,Kelly Olynyk,78,9,Miami Heat,C,04/19/91,6.08,2.11,234,106.1,12667885,Canada,2013,1,13,Gonzaga
129,Kelly Oubre,78,3,Phoenix Suns,F-G,12/09/95,6.58,2.01,203,92.1,15625000,USA,2015,1,15,Kansas
130,Jabari Parker,78,0,Sacramento Kings,F,03/15/95,6.67,2.03,235,106.6,6500000,USA,2014,1,2,Duke
131,Bobby Portis,78,1,New York Knicks,F-C,02/10/95,6.08,2.08,246,111.6,15000000,USA,2015,1,22,Arkansas
132,Terry Rozier,78,3,Charlotte Hornets,G,03/17/94,6.08,1.85,190,86.2,19894737,USA,2015,1,16,Louisville
133,Dennis Schroeder,78,17,Oklahoma City Thunder,G,09/15/93,6.08,1.85,172,78.0,15500000,Germany,2013,1,17,UNLV
134,Jeff Teague,78,0,Atlanta Hawks,G,06/10/88,6.25,1.91,181,82.1,19000000,USA,2009,1,19,Wake Forest
135,Derrick White,78,4,San Antonio Spurs,G,07/02/94,6.33,1.93,200,90.7,1948080,USA,2017,1,29,Colorado
136,Justise Winslow,78,0,Memphis Grizzlies,F,03/26/96,6.5,1.98,222,100.7,13000000,USA,2015,1,10,Duke
137,Darius Garland,77,10,Cleveland Cavaliers,G,06/26/00,6.08,1.85,175,79.4,6400920,USA,2019,1,5,Vanderbilt
138,De'Andre Hunter,77,12,Atlanta Hawks,F,12/01/97,6.58,2.01,225,102.1,7068360,USA,2019,1,4,Virginia
139,Al-Farouq Aminu,77,2,Orlando Magic,F,09/21/90,6.67,2.03,215,97.5,9258000,Nigeria,2010,1,8,Wake Forest
140,Mo Bamba,77,5,Orlando Magic,C,05/12/98,7.0,2.13,225,102.1,5697600,USA,2018,1,6,Texas
141,Nicolas Batum,77,5,Charlotte Hornets,F-G,12/14/88,6.75,2.06,210,95.3,25565217,France,2008,1,25,Yale
142,Malik Beasley,77,0,Minnesota Timberwolves,G,11/26/96,6.33,1.93,198,89.8,2731713,USA,2016,1,19,Florida State
143,Nemanja Bjelica,77,88,Sacramento Kings,F-G,05/09/88,6.08,2.08,224,101.6,6825000,Serbia,2010,2,35,Virginia
144,DeMarre Carroll,77,0,Houston Rockets,F,07/27/86,6.5,1.98,212,96.2,7339258,USA,2009,1,27,Missouri
145,Ed Davis,77,17,Utah Jazz,F,06/05/89,6.75,2.06,215,97.5,4767000,USA,2010,1,13,North Carolina
146,Taj Gibson,77,67,New York Knicks,F,06/24/85,6.75,2.06,225,102.1,9000000,USA,2009,1,26,USC
147,Jerami Grant,77,9,Denver Nuggets,F,03/12/94,6.67,2.03,214,97.1,9346153,USA,2014,2,39,Syracuse
148,Danny Green,77,14,Los Angeles Lakers,G,06/22/87,6.5,1.98,209,94.8,14634147,USA,2009,2,46,North Carolina
149,Tim Hardaway Jr,77,11,Dallas Mavericks,G,03/16/92,6.42,1.96,199,90.3,20025127,USA,2013,1,24,Michigan
150,Alex Len,77,0,Sacramento Kings,C,06/16/93,7.0,2.13,225,102.1,4160000,Ukraine,2013,1,5,Maryland
151,Kevon Looney,77,5,Golden State Warriors,F,02/06/96,6.75,2.06,222,100.7,4464286,USA,2015,1,30,UCLA
152,Monte Morris,77,11,Denver Nuggets,G,06/27/95,6.17,1.88,175,79.4,1588231,USA,2017,2,51,Iowa State
153,Nerlens Noel,77,9,Oklahoma City Thunder,F-C,04/10/94,6.08,2.08,206,93.4,1882867,USA,2013,1,6,Kentucky
154,Mason Plumlee,77,24,Denver Nuggets,C-F,03/05/90,6.08,2.11,238,108.0,14041096,USA,2013,1,22,Duke
155,Jakob Poeltl,77,25,San Antonio Spurs,C-F,10/15/95,7.08,2.16,239,108.4,3754885,Austria,2016,1,9,Utah
156,Dwight Powell,77,7,Dallas Mavericks,F-C,07/20/91,6.08,2.08,234,106.1,10259375,Canada,2014,2,45,Stanford
157,Taurean Prince,77,2,Brooklyn Nets,F,03/22/94,6.58,2.01,220,99.8,3481985,USA,2016,1,12,Baylor
158,Dario Saric,77,20,Phoenix Suns,F,04/08/94,6.08,2.08,216,98.0,3481985,Croatia,2014,1,12,UNLV
159,Collin Sexton,77,2,Cleveland Cavaliers,G,01/04/99,6.08,1.85,190,86.2,4764960,USA,2018,1,8,Alabama
160,Dennis Smith,77,5,New York Knicks,G,11/25/97,6.17,1.88,195,88.5,4463640,USA,2017,1,9,NC State
161,Cody Zeller,77,40,Charlotte Hornets,C-F,10/05/92,7.0,2.13,230,104.3,14471910,USA,2013,1,4,Indiana
162,Ivica Zubac,77,40,Los Angeles Clippers,C,03/18/97,7.0,2.13,265,120.2,6481482,Croatia,2016,2,32,Virginia Tech
163,Jarrett Culver,77,23,Minnesota Timberwolves,G,02/20/99,6.5,1.98,195,88.5,5813640,USA,2019,1,6,Texas Tech
164,Willy Hernangomez,76,9,Charlotte Hornets,C-F,05/27/94,6.08,2.11,255,115.7,1676735,Spain,2015,2,35,IUPUI
165,Trevor Ariza,76,0,Portland Trail Blazers,F-G,06/30/85,6.67,2.03,210,95.3,12200000,USA,2004,2,43,UCLA
166,DJ Augustin,76,14,Orlando Magic,G,11/10/87,5.08,1.8,180,81.6,7250000,USA,2008,1,9,Texas
167,Jose Juan Barea,76,5,Dallas Mavericks,G,06/26/84,5.08,1.78,175,79.4,2564753,Puerto Rico,2006,2,12,Northeastern
168,Michael Beasley,76,0,Dallas Mavericks,F,01/09/89,6.08,2.08,235,106.6,3500000,USA,2008,1,2,Kansas State
169,Davis Bertans,76,42,Washington Wizards,F,11/12/92,6.08,2.08,211,95.7,7000000,Latvia,2011,2,42,UConn
170,Avery Bradley,76,11,Los Angeles Lakers,G,11/26/90,6.25,1.91,195,88.5,6767000,USA,2010,1,19,Texas
171,Miles Bridges,76,0,Charlotte Hornets,F,03/21/98,6.5,1.98,225,102.1,3755400,USA,2018,1,12,Michigan State
172,Jalen Brunson,76,13,Dallas Mavericks,G,08/31/96,6.08,1.85,190,86.2,1416852,USA,2018,2,33,Villanova
173,Kentavious Caldwell-Pope,76,1,Los Angeles Lakers,G,02/18/93,6.42,1.96,204,92.5,8089282,USA,2013,1,8,Georgia
174,Jae Crowder,76,99,Miami Heat,F,07/06/90,6.5,1.98,235,106.6,7815533,USA,2012,2,34,Marquette
175,Dewayne Dedmon,76,0,Atlanta Hawks,C,08/12/89,7.0,2.13,239,108.4,13333334,USA,2013,2,45,USC
176,Gorgui Dieng,76,0,Memphis Grizzlies,C,01/18/90,6.08,2.08,230,104.3,16229213,Senegal,2013,1,21,Louisville
177,Gerald Green,76,0,Memphis Grizzlies,F-G,01/26/86,6.5,1.98,192,87.1,2564753,USA,2005,1,18,Auburn
178,Jeff Green,76,34,Houston Rockets,F,08/28/86,6.67,2.03,235,106.6,3405180,USA,2007,1,5,Georgetown
179,Rodney Hood,76,5,Portland Trail Blazers,F,10/20/92,6.67,2.03,208,94.3,5718000,USA,2014,1,23,Duke
180,Kevin Huerter,76,3,Atlanta Hawks,G,08/27/98,6.58,2.01,190,86.2,2636280,USA,2018,1,19,Maryland
181,Ersan Ilyasova,76,7,Milwaukee Bucks,F,05/15/87,6.75,2.06,235,106.6,7000000,Turkey,2005,2,36,Boise State
182,Jonathan Isaac,76,1,Orlando Magic,F,10/03/97,6.08,2.11,205,93.0,5806440,USA,2017,1,6,Florida State
183,Josh Jackson,76,20,Memphis Grizzlies,F,02/10/97,6.67,2.03,203,92.1,7059480,USA,2017,1,4,Kansas
184,Frank Kaminsky,76,8,Phoenix Suns,F-C,04/04/93,7.0,2.13,231,104.8,4767000,USA,2015,1,9,Wisconsin
185,Michael Kidd-Gilchrist,76,0,Dallas Mavericks,F,09/26/93,6.5,1.98,232,105.2,12784359,USA,2012,1,2,Kentucky
186,Kevin Knox,76,20,New York Knicks,F,08/11/99,6.58,2.01,215,97.5,4380120,USA,2018,1,9,Kentucky
187,Meyers Leonard,76,0,Miami Heat,C,02/27/92,7.0,2.13,245,111.1,11286515,USA,2012,1,11,Illinois 
188,Wesley Matthews,76,9,Milwaukee Bucks,G,10/14/86,6.33,1.93,220,99.8,2564753,USA,2009,2,9,Marquette
189,Emmanuel Mudiay,76,8,Utah Jazz,G,03/05/96,6.25,1.91,190,86.2,1737145,Democratic Republic of the Congo,2015,1,7,Stanford
190,Jahlil Okafor,76,8,New Orleans Pelicans,C,12/15/95,6.08,2.08,270,122.5,1702486,USA,2015,1,3,Duke
191,Elfrid Payton,76,6,New York Knicks,G,02/22/94,6.25,1.91,185,83.9,8000000,USA,2014,1,10,Louisiana
192,Michael Porter,76,1,Denver Nuggets,F,06/29/98,6.08,2.08,215,97.5,3389400,USA,2018,1,14,Missouri 
193,Austin Rivers,76,25,Houston Rockets,G,08/01/92,6.25,1.91,200,90.7,2174310,USA,2012,1,10,Duke
194,Andre Roberson,76,21,Oklahoma City Thunder,G-F,12/04/91,6.58,2.01,206,93.4,10740740,USA,2013,1,26,Colorado 
195,Rajon Rondo,76,9,Los Angeles Lakers,G,02/22/86,6.08,1.85,186,84.4,2564753,USA,2006,1,21,Kentucky
196,Landry Shamet,76,20,Los Angeles Clippers,G,03/13/97,6.33,1.93,180,81.6,1995120,USA,2018,1,26,Wichita State
197,Daniel Theis,76,27,Boston Celtics,C,04/04/92,6.67,2.03,215,97.5,5000000,Germany,2013,2,24,USC
198,Isaiah Thomas,76,0,Boston Celtics,G,02/07/89,5.75,1.75,185,83.9,2320044,USA,2011,2,60,Washington
199,Dion Waiters,76,11,Los Angeles Lakers,G,12/10/91,6.25,1.91,210,95.3,12475385,USA,2012,1,4,Syracuse
200,Marvin Williams,76,2,Milwaukee Bucks,F,06/19/86,6.67,2.03,240,108.9,14654179,USA,2005,1,2,North Carolina
201,Delon Wright,76,55,Dallas Mavericks,G,04/26/92,6.42,1.96,181,82.1,9473684,USA,2015,1,20,Utah
202,Coby White,76,0,Chicago Bulls,G,02/16/00,6.33,1.93,185,83.9,5307120,USA,2019,1,7,North Carolina
203,Pau Gasol,75,0,Boston Celtics,C,07/06/80,7.08,2.16,250,113.4,5538540,Spain,2001,1,3,Wisconsin
204,Aron Baynes,75,46,Phoenix Suns,C,12/09/86,6.08,2.08,260,117.9,5453280,Australia,2009,2,12,Washington State
205,Kent Bazemore,75,26,Sacramento Kings,G,07/01/89,6.33,1.93,195,88.5,19269663,USA,2012,1,58,Old Dominion
206,Marco Belinelli,75,18,San Antonio Spurs,G,03/25/86,6.42,1.96,200,90.7,5846154,Italy,2007,1,18,Duke
207,Bismack Biyombo,75,8,Charlotte Hornets,C,08/28/92,6.67,2.03,229,103.9,17000000,Democratic Republic of the Congo,2011,1,7,Houston
208,Mikal Bridges,75,25,Phoenix Suns,F-G,08/30/96,6.5,1.98,209,94.8,4161000,USA,2018,1,10,Villanova
209,Wilson Chandler,75,21,Brooklyn Nets,F-G,05/10/87,6.67,2.03,225,102.1,2564753,USA,2007,1,23,DePaul
210,Damyean Dotson,75,21,New York Knicks,G,05/06/94,6.42,1.96,202,91.6,1618520,USA,2017,2,44,Houston
211,Kris Dunn,75,32,Chicago Bulls,G,03/18/94,6.25,1.91,205,93.0,5348007,USA,2016,1,5,Providence
212,Wayne Ellington,75,2,New York Knicks,G,11/29/87,6.33,1.93,200,90.7,8000000,USA,2009,1,28,North Carolina
213,Bryn Forbes,75,11,San Antonio Spurs,G,07/23/93,6.17,1.88,187,84.8,2875000,USA,2016,1,29,Michigan State
214,Josh Hart,75,3,New Orleans Pelicans,G,03/06/95,6.42,1.96,204,92.5,1934160,USA,2017,1,30,Villanova
215,John Henson,75,31,Detroit Pistons,F,12/28/90,6.75,2.06,220,99.8,9732396,USA,2012,1,14,North Carolina
216,Mario Hezonja,75,44,Portland Trail Blazers,F-G,02/25/95,6.67,2.03,201,91.2,1737145,Croatia,2015,1,5,Texas Tech
217,George Hill,75,3,Milwaukee Bucks,G,05/04/86,6.25,1.91,180,81.6,10133907,USA,2008,1,26,IUPUI
218,Rondae Hollis-Jefferson,75,4,Toronto Raptors,F,01/03/95,6.5,1.98,211,95.7,2500000,USA,2015,1,23,Arizona
219,Richaun Holmes,75,22,Sacramento Kings,F,10/15/93,6.08,2.08,243,110.2,4767000,USA,2015,2,37,Bowling Green
220,James Johnson,75,0,Minnesota Timberwolves,F,02/20/87,6.58,2.01,245,111.1,15349400,USA,2009,1,16,Wake Forest
221,Luke Kennard,75,5,Detroit Pistons,G,06/24/96,6.42,1.96,196,88.9,3827160,USA,2017,1,12,Duke
222,Kyle Korver,75,26,Milwaukee Bucks,F,03/17/81,6.58,2.01,212,96.2,6004753,USA,2003,2,51,Creighton
223,Rodions Kurucs,75,0,Brooklyn Nets,F,02/05/98,6.75,2.06,215,97.5,1699236,Latvia,2018,2,40,Tennessee
224,Jake Layman,75,10,Minnesota Timberwolves,F,03/07/94,6.67,2.03,209,94.8,3581986,USA,2016,2,47,Maryland
225,Robin Lopez,75,42,Milwaukee Bucks,C,04/01/88,7.0,2.13,255,115.7,4767000,USA,2008,1,15,Stanford
226,Trey Lyles,75,41,San Antonio Spurs,F,11/05/95,6.75,2.06,241,109.3,5500000,Canada,2015,1,12,Kentucky
227,Boban Marjanovic,75,51,Dallas Mavericks,C,08/15/88,7.33,2.24,290,131.5,3500000,Serbia,2010,2,34,Tulane
228,TJ McConnell,75,9,Indiana Pacers,G,03/25/92,6.08,1.85,200,90.7,3500000,USA,2015,2,3,Arizona
229,Patrick Mills,75,8,San Antonio Spurs,G,08/11/88,6.08,1.85,185,83.9,12678571,Australia,2009,2,55,Saint Mary's
230,Malik Monk,75,1,Charlotte Hornets,G,02/04/98,6.25,1.91,197,89.4,4028400,USA,2017,1,11,Kentucky
231,Markieff Morris,75,88,Los Angeles Lakers,F,09/02/89,6.67,2.03,245,111.1,3709887,USA,2011,1,13,Kansas
232,Shabazz Napier,75,0,Washington Wizards,G,07/14/91,6.0,1.83,175,79.4,1845301,USA,2014,1,24,UConn
233,Cedi Osman,75,16,Cleveland Cavaliers,F-G,04/08/95,6.58,2.01,215,97.5,2907143,Turkey,2015,2,31,Oregon
234,Tomas Satoransky,75,31,Chicago Bulls,G,10/30/91,6.58,2.01,198,89.8,10000000,Czech,2012,2,32,Davidson
235,Mike Scott,75,1,Philadelphia 76ers,F,07/16/88,6.58,2.01,237,107.5,4767000,USA,2012,2,43,Virginia
236,Noah Vonleh,75,0,Denver Nuggets,F,08/24/95,6.08,2.08,247,112.0,2000000,USA,2014,1,9,Indiana
237,Allonzo Trier,75,0,Boston Celtics,G-F,01/17/96,6.33,1.93,200,90.7,3551100,USA,2018,1,12,Arizona
238,Juan Hernangomez,74,41,Minnesota Timberwolves,F,09/28/95,6.75,2.06,220,99.8,3321029,Spain,2016,1,15,Northeastern
239,Kyle Anderson,74,1,Memphis Grizzlies,F,09/20/93,6.75,2.06,230,104.3,9073050,USA,2014,1,30,UCLA
240,Jordan Bell,74,0,Cleveland Cavaliers,F-C,01/07/95,6.67,2.03,224,101.6,1870564,USA,2017,2,38,Oregon
241,Khem Birch,74,24,Orlando Magic,C,09/28/92,6.75,2.06,209,94.8,3000000,Canada,2014,2,54,UNLV
242,Dillon Brooks,74,24,Memphis Grizzlies,G-F,01/22/96,6.58,2.01,225,102.1,1618520,Canada,2017,2,45,Oregon
243,Reggie Bullock,74,25,New York Knicks,G,03/16/91,6.5,1.98,200,90.7,4000000,USA,2013,1,25,North Carolina
244,Zach Collins,74,33,Portland Trail Blazers,C,11/17/97,6.08,2.11,232,105.2,4240200,USA,2017,1,10,Gonzaga
245,Pat Connaughton,74,24,Milwaukee Bucks,G,01/06/93,6.42,1.96,215,97.5,1723050,USA,2015,2,41,Notre Dame
246,Quinn Cook,74,2,Los Angeles Lakers,G,03/23/93,6.08,1.85,180,81.6,3000000,USA,2015,2,32,Duke
247,Torrey Craig,74,3,Denver Nuggets,G,12/19/90,6.58,2.01,215,97.5,2000000,USA,2014,2,48,USC Upstate
248,Seth Curry,74,30,Dallas Mavericks,G,08/23/90,6.17,1.88,180,81.6,7461380,USA,2013,2,50,Duke
249,Cheick Diallo,74,14,Phoenix Suns,F-C,09/13/96,6.67,2.03,219,99.3,1678854,Mali,2016,2,33,Kansas
250,Yogi Ferrell,74,3,Sacramento Kings,G,05/09/93,6.0,1.83,178,80.7,3150000,USA,2016,1,32,Indiana
251,Markelle Fultz,74,20,Orlando Magic,G,05/29/98,6.25,1.91,195,88.5,9745200,USA,2017,1,1,Washington
252,Harry Giles,74,20,Sacramento Kings,F-C,04/22/98,6.08,2.11,232,105.2,2578800,USA,2017,1,20,Duke
253,Moe Harkless,74,0,New York Knicks,F,05/11/93,6.58,2.01,208,94.3,11011234,USA,2012,1,15,St. John's
254,Justin Jackson,74,44,Dallas Mavericks,F-G,03/28/95,6.58,2.01,201,91.2,3280920,USA,2017,1,15,North Carolina
255,Tyler Johnson,74,0,Brooklyn Nets,G,05/07/92,6.25,1.91,186,84.4,19428485,USA,2014,2,12,Fresno State
256,Derrick Jones,74,5,Miami Heat,F,02/15/97,6.5,1.98,195,88.5,1645357,USA,2016,2,22,UNLV
257,Cory Joseph,74,9,Sacramento Kings,G,08/20/91,6.25,1.91,185,83.9,12000000,Canada,2011,1,29,Texas
258,Maxi Kleber,74,42,Dallas Mavericks,F-C,01/29/92,6.08,2.08,211,95.7,8000000,Germany,2014,2,25,Butler
259,TJ Leaf,74,22,Indiana Pacers,F-C,04/30/97,6.08,2.08,222,100.7,2813280,Israel,2017,1,18,UCLA
260,Doug McDermott,74,20,Indiana Pacers,F,01/03/92,6.58,2.01,218,98.9,7333333,USA,2014,1,11,Creighton
261,E'Twaun Moore,74,55,New Orleans Pelicans,G,02/25/89,6.25,1.91,191,86.6,8664928,USA,2011,2,55,Purdue
262,Joakim Noah,74,0,Los Angeles Clippers,C,02/25/85,6.08,2.11,227,103.0,6813026,USA,2007,1,9,Florida
263,Kyle O'Quinn,74,9,Philadelphia 76ers,F-C,03/26/90,6.75,2.06,240,108.9,2174318,USA,2012,2,49,Norfolk State
264,Chandler Parsons,74,0,Boston Celtics,F,10/25/88,6.75,2.06,200,90.7,25102512,USA,2011,2,38,Florida
265,Norman Powell,74,24,Toronto Raptors,G,05/25/93,6.25,1.91,215,97.5,10116576,USA,2015,2,46,UCLA
266,Ivan Rabb,74,0,Boston Celtics,F-C,02/04/97,6.08,2.08,220,99.8,451326,USA,2017,2,35,California
267,Glenn Robinson III,74,22,Golden State Warriors,F,01/08/94,6.5,1.98,211,95.7,1882867,USA,2014,2,40,Michigan
268,Denzel Valentine,74,45,Chicago Bulls,G,11/16/93,6.33,1.93,210,95.3,3377568,USA,2016,1,14,Michigan State
269,Robert Williams,74,44,Boston Celtics,F-C,10/17/97,6.67,2.03,237,107.5,1937520,USA,2018,1,27,Texas A&M
270,Christian Wood,74,35,Detroit Pistons,F,09/27/95,6.08,2.08,216,98.0,1645357,USA,2015,2,32,UNLV
271,Jaxson Hayes,74,10,New Orleans Pelicans,F-C,05/23/00,6.08,2.11,220,99.8,4862040,USA,2019,1,8,Texas
272,Rui Hachimura,74,8,Washington Wizards,F,02/08/98,6.67,2.03,225,102.1,4469160,Japan,2019,1,9,Gonzaga
273,OG Anunoby,73,3,Toronto Raptors,F-G,07/17/97,6.58,2.01,232,105.2,2281800,United Kingdom,2017,1,23,Indiana
274,Dwayne Bacon,73,7,Charlotte Hornets,G,08/30/95,6.5,1.98,220,99.8,1618520,USA,2017,2,40,Florida State
275,DeAndre Bembry,73,95,Atlanta Hawks,F,07/04/94,6.42,1.96,207,93.9,2603981,USA,2016,1,21,Saint Joseph's
276,Jonah Bolden,73,0,Phoenix Suns,F,01/02/96,6.67,2.03,215,97.5,1788296,Australia,2017,2,36,UCLA
277,Sterling Brown,73,23,Milwaukee Bucks,G,02/10/95,6.42,1.96,230,104.3,1618520,USA,2017,2,46,SMU
278,Bruce Brown,73,6,Detroit Pistons,G,08/15/96,6.33,1.93,190,86.2,1416852,USA,2018,2,42,Miami (Florida)
279,Troy Brown,73,6,Washington Wizards,F-G,07/28/99,6.5,1.98,215,97.5,3219480,USA,2018,1,15,Oregon
280,Alec Burks,73,0,Philadelphia 76ers,G,07/20/91,6.5,1.98,195,88.5,2320044,USA,2011,1,12,Colorado
281,Alex Caruso,73,4,Los Angeles Lakers,G,02/28/94,6.42,1.96,186,84.4,2750000,USA,2016,1,36,Texas A&M
282,Tyson Chandler,73,19,Houston Rockets,C,10/02/82,7.0,2.13,235,106.6,2564753,USA,2001,1,2,Valparaiso
283,Allen Crabbe,73,0,Boston Celtics,G-F,04/09/92,6.42,1.96,197,89.4,17818456,USA,2013,2,31,California
284,Matthew Dellavedova,73,18,Cleveland Cavaliers,G,09/08/90,6.25,1.91,190,86.2,9607500,Australia,2013,1,46,Saint Mary's
285,James Ennis,73,0,Orlando Magic,F,07/01/90,6.5,1.98,201,91.2,1882867,USA,2013,2,50,Long Beach State
286,Dorian Finney-Smith,73,10,Dallas Mavericks,F,05/04/93,6.58,2.01,213,96.6,4000000,USA,2016,2,49,Florida
287,Shaquille Harrison,73,3,Chicago Bulls,G,10/06/93,6.58,2.01,190,86.2,1620564,USA,2016,2,16,Tulsa
288,Aaron Holiday,73,3,Indiana Pacers,G,09/30/96,6.0,1.83,185,83.9,2239200,USA,2018,1,23,UCLA
289,Danuel House,73,4,Houston Rockets,F,06/07/93,6.5,1.98,220,99.8,3540000,USA,2016,1,18,Texas A&M
290,Stanley Johnson,73,5,Toronto Raptors,F,05/29/96,6.5,1.98,242,109.8,3623000,USA,2015,1,8,Arizona
291,Tyus Jones,73,21,Memphis Grizzlies,G,05/10/96,6.0,1.83,185,83.9,10116000,USA,2015,1,24,Duke
292,Furkan Korkmaz,73,30,Philadelphia 76ers,F,06/27/97,6.58,2.01,185,83.9,1620564,Turkey,2016,1,26,New Mexico
293,Ian Mahinmi,73,28,Washington Wizards,C,11/05/86,6.08,2.11,230,104.3,15450051,France,2005,1,28,Missouri State
294,CJ Miles,73,0,Boston Celtics,G-F,03/18/87,6.5,1.98,232,105.2,8730158,USA,2005,2,34,Florida
295,Mike Muscala,73,33,Oklahoma City Thunder,F-C,07/01/91,6.08,2.08,230,104.3,2028594,USA,2013,2,44,Bucknell
296,Frank Ntilikina,73,11,New York Knicks,G,07/28/98,6.33,1.93,190,86.2,4855800,France,2017,1,8,Pittsburgh
297,David Nwaba,73,0,Houston Rockets,G,01/14/93,6.42,1.96,210,95.3,2581965,USA,2016,2,45,Cal Poly
298,Royce O'Neale,73,23,Utah Jazz,F,06/05/93,6.33,1.93,226,102.5,1618520,USA,2015,1,34,Baylor
299,Semi Ojeleye,73,37,Boston Celtics,F,12/05/94,6.5,1.98,235,106.6,1618520,USA,2017,2,37,SMU
300,Josh Okogie,73,20,Minnesota Timberwolves,G,09/01/98,6.33,1.93,213,96.6,2530680,Nigeria,2018,1,20,Georgia Tech
301,Jonathon Simmons,73,0,Washington Wizards,G-F,09/14/89,6.5,1.98,195,88.5,1000000,USA,2012,2,42,Houston
302,Ishmael Smith,73,14,Washington Wizards,G,07/05/88,6.0,1.83,175,79.4,6000000,USA,2010,2,53,Wake Forest
303,Tony Snell,73,17,Detroit Pistons,F,11/10/91,6.5,1.98,198,89.8,11392857,USA,2013,1,20,New Mexico
304,Omari Spellman,73,0,Minnesota Timberwolves,F,07/21/97,6.67,2.03,245,111.1,1897800,USA,2018,1,30,Villanova
305,Garrett Temple,73,17,Brooklyn Nets,G-F,05/08/86,6.42,1.96,195,88.5,4767000,USA,2009,2,5,LSU
306,Evan Turner,73,1,Minnesota Timberwolves,G-F,10/27/88,6.5,1.98,205,93.0,18606556,USA,2010,1,2,Ohio State
307,Lonnie Walker,73,1,San Antonio Spurs,G,12/14/98,6.42,1.96,204,92.5,2764200,USA,2018,1,18,Miami (Florida)
308,Brad Wanamaker,73,9,Boston Celtics,G,07/25/89,6.25,1.91,210,95.3,1445697,USA,2011,2,38,Pittsburgh
309,Ante Zizic,73,41,Cleveland Cavaliers,C,01/04/97,6.08,2.08,250,113.4,2281800,Croatia,2016,1,23,Norfolk State
310,Tyler Herro,73,14,Miami Heat,G,01/20/00,6.42,1.96,195,88.5,3640200,USA,2019,1,13,Kentucky
311,Vincent Poirier,73,77,Boston Celtics,C,10/17/93,7.0,2.13,235,106.6,2505793,France,2015,2,37,New Mexico State
312,Sekou Doumbouya,73,45,Detroit Pistons,F,12/23/00,6.67,2.03,209,94.8,3285120,France,2019,1,15,Louisiana Tech
313,Brandon Clarke,73,15,Memphis Grizzlies,F,09/19/96,6.67,2.03,215,97.5,2478840,Canada,2019,1,21,Gonzaga
314,Nicolo Melli,73,20,New Orleans Pelicans,F,01/26/91,6.75,2.06,236,107.0,4102564,Italy,2013,1,36,Ohio State
315,Nassir Little,73,9,Portland Trail Blazers,F,02/11/00,6.42,1.96,220,99.8,2105520,USA,2019,1,25,North Carolina
316,Grayson Allen,72,3,Memphis Grizzlies,G,10/08/95,6.33,1.93,205,93.0,2429400,USA,2018,1,21,Duke
317,Antonio Blakeney,72,0,Washington Wizards,G-F,10/04/96,6.33,1.93,197,89.4,1488231,USA,2017,1,13,LSU
318,Michael Carter-Williams,72,7,Orlando Magic,G,10/10/91,6.42,1.96,184,83.5,2028594,USA,2013,1,11,Syracuse
319,Troy Daniels,72,30,Denver Nuggets,G,07/15/91,6.33,1.93,200,90.7,2487033,USA,2013,2,27,VCU
320,Donte DiVincenzo,72,0,Milwaukee Bucks,G,01/31/97,6.33,1.93,205,93.0,2905800,USA,2018,1,17,Villanova
321,Jared Dudley,72,10,Los Angeles Lakers,F,07/10/85,6.5,1.98,225,102.1,2564753,USA,2007,1,22,Boston College
322,Cristiano Felicio,72,6,Chicago Bulls,F,07/07/92,6.08,2.08,270,122.5,8156500,Brazil,2014,2,11,North Carolina
323,Tim Frazier,72,0,Washington Wizards,G,11/01/90,6.0,1.83,170,77.1,1620564,USA,2014,2,29,Penn State
324,Langston Galloway,72,9,Detroit Pistons,G,12/09/91,6.08,1.85,202,91.6,7333333,USA,2014,1,32,Saint Joseph's
325,Justin Holiday,72,8,Indiana Pacers,G,04/05/89,6.5,1.98,180,81.6,4767000,USA,2011,2,27,Washington
326,Chandler Hutchison,72,15,Chicago Bulls,F,04/26/96,6.58,2.01,196,88.9,2332320,USA,2018,1,22,Boise State
327,Wesley Iwundu,72,25,Orlando Magic,F,12/20/94,6.5,1.98,205,93.0,1618520,USA,2017,2,33,Kansas State
328,Brandon Knight,72,0,Detroit Pistons,G,12/02/91,6.17,1.88,189,85.7,15643750,USA,2011,1,8,Kentucky
329,Courtney Lee,72,1,Dallas Mavericks,G-F,10/03/85,6.42,1.96,200,90.7,12759670,USA,2008,1,22,Western Kentucky
330,Thon Maker,72,7,Detroit Pistons,F-C,02/25/97,7.0,2.13,216,98.0,3569643,Australia,2016,1,10,Missouri 
331,Patrick McCaw,72,22,Toronto Raptors,G,10/25/95,6.58,2.01,181,82.1,4000000,USA,2016,2,38,UNLV
332,Rodney McGruder,72,19,Los Angeles Clippers,G,07/29/91,6.33,1.93,205,93.0,4807693,USA,2013,1,58,Kansas State
333,Darius Miller,72,21,New Orleans Pelicans,F,03/21/90,6.5,1.98,225,102.1,7250000,USA,2012,2,46,Kentucky
334,Raul Neto,72,19,Philadelphia 76ers,G,05/19/92,6.08,1.85,170,77.1,1737145,Brazil,2013,2,47,Duke
335,Georges Niang,72,31,Utah Jazz,F,06/17/93,6.58,2.01,230,104.3,1645357,USA,2016,2,50,Iowa State
336,Cameron Payne,72,0,Phoenix Suns,G,08/08/94,6.17,1.88,180,81.6,346288,USA,2015,1,14,Murray State
337,Anfernee Simons,72,1,Portland Trail Blazers,G,06/08/99,6.25,1.91,181,82.1,2149560,USA,2018,1,24,UCLA
338,Zhaire Smith,72,8,Philadelphia 76ers,G-F,06/04/99,6.25,1.91,205,93.0,3058800,USA,2018,1,16,Texas Tech
339,Anthony Tolliver,72,0,Memphis Grizzlies,F,06/01/85,6.67,2.03,240,108.9,2854556,USA,2007,2,53,Creighton
340,DJ Wilson,72,5,Milwaukee Bucks,F,02/19/96,6.08,2.08,234,106.1,2961120,USA,2017,1,17,Michigan
341,Alfonzo McKinnie,72,0,Cleveland Cavaliers,F,09/17/92,6.67,2.03,215,97.5,2391985,USA,2015,2,47,Green Bay
342,Romeo Langford,72,45,Boston Celtics,G,10/25/99,6.33,1.93,216,98.0,3458400,USA,2019,1,14,Indiana
343,Grant Williams,72,12,Boston Celtics,F,11/30/98,6.5,1.98,236,107.0,2379840,USA,2019,1,22,Tennessee
344,Nicolas Claxton,72,0,Brooklyn Nets,C,04/17/90,6.08,2.11,215,97.5,898310,USA,2019,2,31,Georgia
345,PJ Washington,72,25,Charlotte Hornets,F,08/23/98,6.58,2.01,225,102.1,3831840,USA,2019,1,12,Kentucky
346,Ryan Arcidiacono,72,51,Chicago Bulls,G,03/26/94,6.25,1.91,195,88.5,3000000,Italy,2016,1,60,Villanova
347,Kevin Porter,72,4,Cleveland Cavaliers,G-F,05/04/00,6.33,1.93,218,98.9,1290960,USA,2019,1,30,USC
348,Ryan Broekhoff,72,0,Philadelphia 76ers,F,08/23/90,6.5,1.98,215,97.5,2833704,Australia,2013,1,51,Valparaiso
349,Goga Bitadze,72,88,Indiana Pacers,C,07/20/99,6.08,2.11,250,113.4,2816760,Georgia,2019,1,18,Saint Mary's
350,De'Anthony Melton,72,0,Memphis Grizzlies,G,05/28/98,6.17,1.88,190,86.2,1416852,USA,2018,2,46,USC
351,Kenrich Williams,72,34,New Orleans Pelicans,G-F,12/02/94,6.5,1.98,210,95.3,1416852,USA,2018,1,60,TCU
352,Nickeil Alexander-Walker,72,0,New Orleans Pelicans,G,09/02/98,6.42,1.96,205,93.0,2964840,Canada,2019,1,17,Virginia Tech
353,Chuma Okeke,72,3,Washington Wizards,F-C,08/18/98,6.67,2.03,230,104.0,2773550,USA,2019,1,16,Auburn
354,Matisse Thybulle,72,22,Philadelphia 76ers,G-F,03/04/97,6.42,1.96,201,91.2,2582160,USA,2019,1,20,Washington
355,Cameron Johnson,72,23,Phoenix Suns,F,03/03/96,6.67,2.03,210,95.3,4033440,USA,2019,1,11,North Carolina
356,Ty Jerome,72,10,Phoenix Suns,G,07/08/97,6.42,1.96,195,88.5,2193480,USA,2019,1,24,Virginia
357,Luka Samanic,72,19,San Antonio Spurs,F,01/09/00,6.08,2.08,209,94.8,2689920,Croatia,2019,1,19,Notre Dame
358,Keldon Johnson,72,3,San Antonio Spurs,F,10/11/99,6.42,1.96,211,95.7,1950600,USA,2019,1,29,Kentucky
359,Matt Thomas,72,21,Toronto Raptors,G,08/04/94,6.33,1.93,197,89.4,898310,USA,2017,2,51,Iowa State
360,Chris Boucher,71,25,Toronto Raptors,F-C,01/11/93,6.75,2.06,200,90.7,1588231,Canada,2017,1,23,Oregon
361,Jevon Carter,71,4,Phoenix Suns,G,09/14/95,6.08,1.85,200,90.7,1416852,USA,2018,2,32,West Virginia
362,Deyonta Davis,71,0,Washington Wizards,F-C,12/02/96,6.08,2.08,240,108.9,250000,USA,2016,2,31,Michigan State
363,Jacob Evans,71,0,Minnesota Timberwolves,G,06/18/97,6.33,1.93,210,95.3,1925880,USA,2018,1,28,Cincinnati
364,Terrance Ferguson,71,23,Oklahoma City Thunder,G,05/17/98,6.5,1.98,184,83.5,2475840,USA,2017,1,21,West Virginia
365,Daniel Gafford,71,12,Chicago Bulls,F,10/01/98,6.08,2.08,234,106.1,898310,USA,2019,2,38,Arkansas
366,Treveon Graham,71,12,Atlanta Hawks,G,10/28/93,6.42,1.96,219,99.3,1645357,USA,2015,2,57,VCU
367,Frank Jackson,71,15,New Orleans Pelicans,G,05/04/98,6.25,1.91,205,93.0,1618520,USA,2017,2,31,Duke
368,Luke Kornet,71,2,Chicago Bulls,C,07/15/95,7.17,2.18,240,108.9,2250000,USA,2017,2,45,Vanderbilt
369,Frank Mason,71,15,Milwaukee Bucks,G,04/13/94,5.08,1.8,190,86.2,79568,USA,2017,2,34,Kansas
370,Ben McLemore,71,16,Houston Rockets,G,02/11/93,6.25,1.91,189,85.7,2028594,USA,2013,1,7,Kansas
371,Dzanan Musa,71,13,Brooklyn Nets,F,05/08/99,6.75,2.06,195,88.5,1911600,Bosnia and Herzegovina,2018,1,29,Houston
372,Elie Okobo,71,2,Phoenix Suns,G,10/23/97,6.25,1.91,190,86.2,1416852,France,2018,2,31,Wyoming
373,Jerome Robinson,71,1,Washington Wizards,G,02/22/97,6.33,1.93,190,86.2,3567720,USA,2018,1,13,Boston College
374,JaKarr Sampson,71,14,Indiana Pacers,F,03/20/93,6.58,2.01,223,101.2,1737145,USA,2014,1,4,St. John's
375,Edmond Sumner,71,5,Indiana Pacers,G,12/13/95,6.33,1.93,186,84.4,2000000,USA,2017,2,52,Xavier
376,Gary Trent Jr,71,2,Portland Trail Blazers,G,01/18/99,6.42,1.96,209,94.8,1416852,USA,2018,2,37,Duke
377,Moritz Wagner,71,21,Washington Wizards,F,04/26/97,6.08,2.11,240,108.9,2063520,Germany,2018,1,25,Michigan
378,Admiral Schofield,71,1,Washington Wizards,F,03/30/97,6.42,1.96,241,109.3,1000000,USA,2019,2,42,Tennessee
379,Bruno Fernando,71,24,Atlanta Hawks,F,08/15/98,6.75,2.06,245,111.1,1400000,Angola,2019,2,34,Maryland
380,Alen Smailagic,71,6,Golden State Warriors,F,08/18/00,6.08,2.08,215,97.5,898310,Serbia,2019,2,39,Kansas State
381,Eric Paschall,71,7,Golden State Warriors,F,11/04/96,6.5,1.98,255,115.7,898310,USA,2019,2,41,Villanova
382,Carsen Edwards,71,4,Boston Celtics,G,03/12/98,5.08,1.8,200,90.7,1228026,USA,2019,2,33,Purdue
383,KZ Okpala,71,4,Miami Heat,F,04/28/99,6.67,2.03,215,97.5,898310,USA,2019,2,32,Stanford
384,Shake Milton,71,18,Philadelphia 76ers,C,09/26/96,6.42,1.96,205,93.0,1445697,USA,2018,2,54,SMU
385,Chimezie Metu,71,7,San Antonio Spurs,F,03/22/97,6.75,2.06,225,102.1,1416852,Nigeria,2018,2,49,USC
386,Keita Bates-Diop,70,0,Denver Nuggets,F,01/23/96,6.67,2.03,235,106.6,1416852,USA,2018,2,48,Ohio State
387,Darius Bazley,70,7,Oklahoma City Thunder,F,06/12/00,6.67,2.03,200,90.7,2284800,USA,2019,1,23,Kentucky
388,Tony Bradley,70,13,Utah Jazz,F-C,01/08/98,6.08,2.08,248,112.5,1962360,USA,2017,1,28,North Carolina
389,Hamidou Diallo,70,6,Oklahoma City Thunder,G,07/31/98,6.42,1.96,198,89.8,1416852,USA,2018,2,45,Kentucky
390,Melvin Frazier,70,35,Orlando Magic,F,08/30/96,6.42,1.96,201,91.2,1416852,USA,2018,2,35,Tulane
391,Solomon Hill,70,44,Miami Heat,F,03/18/91,6.5,1.98,226,102.5,13290395,USA,2013,1,23,Arizona
392,Alize Johnson,70,24,Indiana Pacers,F,04/26/96,6.58,2.01,201,91.2,1416852,USA,2018,2,50,Missouri State
393,Skal Labissiere,70,0,Atlanta Hawks,C-F,03/18/96,6.08,2.08,216,98.0,2338846,Haiti,2016,1,28,Kentucky
394,Tyler Lydon,70,0,Washington Wizards,F-C,04/09/96,6.75,2.06,220,99.8,50000,USA,2017,1,24,Syracuse
395,Sviatoslav Mykhailiuk,70,19,Detroit Pistons,G,06/10/97,6.58,2.01,205,93.0,1416852,Ukraine,2018,2,47,Kansas
396,Johnathan Motley,70,15,Los Angeles Clippers,F,05/04/95,6.67,2.03,230,104.3,79568,USA,2017,1,12,Baylor
397,Abdel Nader,70,11,Oklahoma City Thunder,F,09/25/93,6.42,1.96,225,102.1,1618520,Egypt,2016,2,58,Iowa State
398,Miles Plumlee,70,0,Washington Wizards,F-C,09/01/88,6.08,2.11,255,115.7,12500000,USA,2012,1,26,Duke
399,Caleb Swanigan,70,50,Portland Trail Blazers,C,04/18/97,6.75,2.06,249,112.9,2033160,USA,2017,1,26,Purdue
400,Jarred Vanderbilt,70,0,Minnesota Timberwolves,F,04/03/99,6.75,2.06,214,97.1,1416852,USA,2018,2,41,Kentucky
401,Jemerrio Jones,70,0,Washington Wizards,F,04/09/95,6.42,1.96,201,91.2,195077,USA,2018,1,25,New Mexico State
402,Jordan Poole,70,3,Golden State Warriors,G,06/19/99,6.33,1.93,194,88.0,1964760,USA,2019,1,28,Michigan
403,Talen Horton-Tucker,70,5,Los Angeles Lakers,G,11/20/00,6.33,1.93,234,106.1,898310,USA,2019,2,46,Iowa State
404,Yante Maten,70,0,Washington Wizards,F-C,08/14/96,6.67,2.03,240,108.9,100000,USA,2018,2,52,Georgia
405,Thanasis Antetokounmpo,70,43,Milwaukee Bucks,F,07/18/92,6.5,1.98,215,97.5,1445697,Greece,2014,2,51,Long Beach State
406,Naz Reid,70,11,Minnesota Timberwolves,C,08/26/99,6.75,2.06,249,112.9,898310,USA,2019,2,4,LSU
407,Ignas Brazdeikis,70,17,New York Knicks,F,01/08/99,6.5,1.98,216,98.0,898310,Canada,2019,2,47,Michigan
408,Deonte Burton,70,30,Oklahoma City Thunder,G,06/26/91,6.33,1.93,240,108.9,1416852,USA,2014,2,13,Iowa State
409,Justin James,70,10,Sacramento Kings,G,01/24/97,6.58,2.01,190,86.2,898310,USA,2019,2,40,Wyoming
410,Henry Ellenson,69,0,Washington Wizards,F-C,01/13/97,6.08,2.08,242,109.8,79568,USA,2016,1,18,Marquette
411,Devonte Graham,69,0,Charlotte Hornets,G,02/22/95,6.08,1.85,185,83.9,1416852,USA,2018,2,34,Kansas
412,Amile Jefferson,69,0,Washington Wizards,F-C,05/07/93,6.75,2.06,224,101.6,1529007,USA,2017,2,23,Duke
413,Khyri Thomas,69,13,Detroit Pistons,G,05/08/96,6.25,1.91,210,95.3,1416852,USA,2018,2,38,Creighton
414,Theo Pinson,69,0,New York Knicks,G,11/05/95,6.42,1.96,220,99.8,1445697,USA,2018,2,52,North Carolina
415,Gary Clark,69,0,Orlando Magic,F,11/16/94,6.5,1.98,225,102.1,1427191,USA,2018,2,38,Cincinnati
416,Terance Mann,69,14,Los Angeles Clippers,G,10/18/96,6.42,1.96,215,97.5,1000000,USA,2019,2,48,Florida State
417,Cam Reynolds,69,13,Milwaukee Bucks,G,02/07/95,6.58,2.01,225,102.1,79568,USA,2018,1,31,Tulane
418,Tyrone Wallace,69,0,Charlotte Hornets,G-F,06/10/94,6.42,1.96,200,90.7,502491,USA,2016,2,60,California
419,Miye Oni,69,24,Utah Jazz,F,08/04/97,6.42,1.96,210,95.3,898310,USA,2019,2,58,Yale
420,Malcolm Miller,69,13,Toronto Raptors,F,03/06/93,6.58,2.01,205,93.0,1588231,USA,2015,2,29,Holy Cross
421,Isaac Bonga,68,17,Washington Wizards,G,11/08/99,6.67,2.03,200,90.7,1416852,Germany,2018,2,39,Saint Mary's
422,Isaiah Hartenstein,68,0,Charlotte Hornets,F-C,05/05/98,7.0,2.13,250,113.4,1416852,Germany,2017,2,43,Alabama
423,Jordan McRae,68,0,Detroit Pistons,G,03/28/91,6.42,1.96,179,81.2,1254933,USA,2014,2,58,Tennessee
424,Brandon Goodwin,68,0,Atlanta Hawks,G,10/02/95,6.0,1.83,180,81.6,522738,USA,2018,2,38,Florida Gulf Coast
425,Michael Frazier,68,21,Houston Rockets,G,03/08/94,6.25,1.91,200,90.7,79568,USA,2015,2,60,Florida
426,Kostas Antetokounmpo,68,37,Los Angeles Lakers,F,11/20/97,6.08,2.08,200,90.7,79568,Greece,2018,1,54,Dayton
427,Jalen Lecque,68,0,Phoenix Suns,G,06/13/00,6.25,1.91,190,86.2,898310,USA,2019,1,46,St. John's
428,Duncan Robinson,67,55,Miami Heat,F,04/22/94,6.58,2.01,215,97.5,1416852,USA,2018,2,44,Michigan